id,first_name,last_name,email,gender,ip_address,done
1,Merlina,Manser,mmanser0@myspace.com,Female,90.185.2.241,true
2,Peyton,Duddle,pduddle1@time.com,Male,238.58.15.192,true
3,Cliff,Woolaghan,cwoolaghan2@nyu.edu,Male,146.98.27.125,false
4,Delly,Jermey,djermey3@sakura.ne.jp,Female,89.197.188.55,true
5,Seka,Riba,sriba4@sbwire.com,Female,159.11.195.163,true
6,Misti,Skuce,mskuce5@sfgate.com,Female,209.81.187.142,true
7,Lucius,Crane,lcrane6@reverbnation.com,Male,74.91.74.158,true
8,Jeddy,Hammell,jhammell7@sfgate.com,Agender,82.45.103.128,false
9,Harlen,Dytham,hdytham8@salon.com,Male,213.16.149.73,false
